id,date,hour,level,volume,area
6320015192,2019-01-01,00:00:00,313.11,150000.0,125400.0000000019
6320015192,2019-01-02,00:00:00,313.11,150000.0,125400.0000000019
6320015192,2019-01-03,00:00:00,314.33,420000.0,296199.9999999978
6320015192,2019-01-04,00:00:00,314.33,420000.0,296199.9999999978
6320015192,2019-01-05,00:00:00,314.33,420000.0,296199.9999999978
6320015192,2019-01-06,00:00:00,314.32,410000.0,294799.99999999907
6320015192,2019-01-07,00:00:00,314.32,410000.0,294799.99999999907
6320015192,2019-01-08,00:00:00,314.31,410000.0,293400.00000000035
6320015192,2019-01-09,00:00:00,314.31,410000.0,293400.00000000035
6320015192,2019-01-10,00:00:00,314.31,410000.0,293400.00000000035
6320015192,2019-01-11,00:00:00,314.3,410000.0,292000.0000000016
6320015192,2019-01-12,00:00:00,314.3,410000.0,292000.0000000016
6320015192,2019-01-13,00:00:00,314.3,410000.0,292000.0000000016
6320015192,2019-01-14,00:00:00,314.29,400000.0,290600.00000000285
6320015192,2019-01-15,00:00:00,314.29,400000.0,290600.00000000285
6320015192,2019-01-16,00:00:00,314.29,400000.0,290600.00000000285
6320015192,2019-01-17,00:00:00,314.28,400000.0,289199.99999999616
6320015192,2019-01-18,00:00:00,314.28,400000.0,289199.99999999616
6320015192,2019-01-19,00:00:00,314.28,400000.0,289199.99999999616
6320015192,2019-01-20,00:00:00,314.27,400000.0,287799.99999999744
6320015192,2019-01-21,00:00:00,314.27,400000.0,287799.99999999744
6320015192,2019-01-22,00:00:00,314.27,400000.0,287799.99999999744
6320015192,2019-01-23,00:00:00,314.26,390000.0,286399.9999999987
6320015192,2019-01-24,00:00:00,314.26,390000.0,286399.9999999987
6320015192,2019-01-25,00:00:00,314.26,390000.0,286399.9999999987
6320015192,2019-01-26,00:00:00,314.26,390000.0,286399.9999999987
6320015192,2019-01-27,00:00:00,314.26,390000.0,286399.9999999987
6320015192,2019-01-28,00:00:00,314.26,390000.0,286399.9999999987
6320015192,2019-01-29,00:00:00,314.25,390000.0,285000.0
6320015192,2019-01-30,00:00:00,314.25,390000.0,285000.0
6320015192,2019-01-31,00:00:00,314.25,390000.0,285000.0
6320015192,2019-02-01,00:00:00,314.24,390000.0,283600.0000000013
6320015192,2019-02-02,00:00:00,314.24,390000.0,283600.0000000013
6320015192,2019-02-03,00:00:00,314.24,390000.0,283600.0000000013
6320015192,2019-02-04,00:00:00,314.24,390000.0,283600.0000000013
6320015192,2019-02-05,00:00:00,314.27,400000.0,287799.99999999744
6320015192,2019-02-06,00:00:00,314.32,410000.0,294799.99999999907
6320015192,2019-02-07,00:00:00,314.35,420000.0,299000.0000000032
6320015192,2019-02-08,00:00:00,314.37,430000.0,301800.00000000064
6320015192,2019-02-09,00:00:00,314.38,430000.0,303199.99999999936
6320015192,2019-02-10,00:00:00,314.38,430000.0,303199.99999999936
6320015192,2019-02-11,00:00:00,314.38,430000.0,303199.99999999936
6320015192,2019-02-12,00:00:00,314.38,430000.0,303199.99999999936
6320015192,2019-02-13,00:00:00,314.37,430000.0,301800.00000000064
6320015192,2019-02-14,00:00:00,314.39,430000.0,304599.9999999981
6320015192,2019-02-15,00:00:00,314.4,440000.0,305999.9999999968
6320015192,2019-02-16,00:00:00,314.42,440000.0,308800.0000000022
6320015192,2019-02-17,00:00:00,314.47,460000.0,315800.00000000384
6320015192,2019-02-18,00:00:00,314.49,470000.0,318600.0000000013
6320015192,2019-02-19,00:00:00,314.57,490000.0,335399.9999999985
6320015192,2019-02-20,00:00:00,314.6,500000.0,342000.000000005
6320015192,2019-02-21,00:00:00,314.62,510000.0,346400.000000001
6320015192,2019-02-22,00:00:00,314.64,510000.0,350799.999999997
6320015192,2019-02-23,00:00:00,314.67,520000.0,357400.0000000035
6320015192,2019-02-24,00:00:00,314.72,540000.0,368400.000000006
6320015192,2019-02-25,00:00:00,314.75,550000.0,375000.0
6320015192,2019-02-26,00:00:00,314.77,560000.0,379399.999999996
6320015192,2019-02-27,00:00:00,314.78,560000.0,381599.999999994
6320015192,2019-02-28,00:00:00,314.79,560000.0,383800.0000000045
6320015192,2019-03-01,00:00:00,314.79,560000.0,383800.0000000045
6320015192,2019-03-02,00:00:00,314.79,560000.0,383800.0000000045
6320015192,2019-03-03,00:00:00,314.79,560000.0,383800.0000000045
6320015192,2019-03-04,00:00:00,314.78,560000.0,381599.999999994
6320015192,2019-03-05,00:00:00,314.78,560000.0,381599.999999994
6320015192,2019-03-06,00:00:00,314.8,570000.0,386000.0000000025
6320015192,2019-03-07,00:00:00,314.8,570000.0,386000.0000000025
6320015192,2019-03-08,00:00:00,314.82,570000.0,390399.9999999985
6320015192,2019-03-09,00:00:00,314.83,580000.0,392599.9999999965
6320015192,2019-03-10,00:00:00,314.84,580000.0,394799.9999999945
6320015192,2019-03-11,00:00:00,314.84,580000.0,394799.9999999945
6320015192,2019-03-12,00:00:00,314.84,580000.0,394799.9999999945
6320015192,2019-03-13,00:00:00,314.84,580000.0,394799.9999999945
6320015192,2019-03-14,00:00:00,314.83,580000.0,392599.9999999965
6320015192,2019-03-15,00:00:00,314.84,580000.0,394799.9999999945
6320015192,2019-03-16,00:00:00,314.84,580000.0,394799.9999999945
6320015192,2019-03-17,00:00:00,314.84,580000.0,394799.9999999945
6320015192,2019-03-18,00:00:00,314.84,580000.0,394799.9999999945
6320015192,2019-03-19,00:00:00,314.83,580000.0,392599.9999999965
6320015192,2019-03-20,00:00:00,314.83,580000.0,392599.9999999965
6320015192,2019-03-21,00:00:00,314.84,580000.0,394799.9999999945
6320015192,2019-03-22,00:00:00,314.86,590000.0,399200.000000003
6320015192,2019-03-23,00:00:00,314.87,590000.0,401400.000000001
6320015192,2019-03-24,00:00:00,314.87,590000.0,401400.000000001
6320015192,2019-03-25,00:00:00,314.87,590000.0,401400.000000001
6320015192,2019-03-26,00:00:00,314.88,590000.0,403599.999999999
6320015192,2019-03-27,00:00:00,314.89,590000.0,405799.999999997
6320015192,2019-03-28,00:00:00,314.89,590000.0,405799.999999997
6320015192,2019-03-29,00:00:00,314.89,590000.0,405799.999999997
6320015192,2019-03-30,00:00:00,314.89,590000.0,405799.999999997
6320015192,2019-03-31,00:00:00,314.9,600000.0,407999.999999995
6320015192,2019-04-01,00:00:00,314.91,600000.0,410200.0000000055
6320015192,2019-04-02,00:00:00,314.93,610000.0,414600.0000000015
6320015192,2019-04-03,00:00:00,314.93,610000.0,414600.0000000015
6320015192,2019-04-04,00:00:00,314.93,610000.0,414600.0000000015
6320015192,2019-04-05,00:00:00,314.97,620000.0,423400.000000006
6320015192,2019-04-06,00:00:00,315.03,650000.0,435999.9999999945
6320015192,2019-04-07,00:00:00,315.07,670000.0,443999.99999999866
6320015192,2019-04-08,00:00:00,315.09,680000.0,447999.999999995
6320015192,2019-04-09,00:00:00,315.11,690000.0,452000.00000000274
6320015192,2019-04-10,00:00:00,315.13,700000.0,455999.99999999907
6320015192,2019-04-11,00:00:00,315.14,700000.0,457999.99999999726
6320015192,2019-04-12,00:00:00,315.15,710000.0,459999.99999999546
6320015192,2019-04-13,00:00:00,315.16,710000.0,462000.000000005
6320015192,2019-04-14,00:00:00,315.16,710000.0,462000.000000005
6320015192,2019-04-15,00:00:00,315.19,730000.0,467999.99999999953
6320015192,2019-04-16,00:00:00,315.22,750000.0,474000.0000000055
6320015192,2019-04-17,00:00:00,315.23,750000.0,476000.0000000036
6320015192,2019-04-18,00:00:00,315.25,760000.0,480000.0
6320015192,2019-04-19,00:00:00,315.27,770000.0,483999.9999999964
6320015192,2019-04-20,00:00:00,315.28,780000.0,485999.9999999945
6320015192,2019-04-21,00:00:00,315.29,780000.0,488000.0000000041
6320015192,2019-04-22,00:00:00,315.3,790000.0,490000.00000000227
6320015192,2019-04-23,00:00:00,315.3,790000.0,490000.00000000227
6320015192,2019-04-24,00:00:00,315.3,790000.0,490000.00000000227
6320015192,2019-04-25,00:00:00,315.3,790000.0,490000.00000000227
6320015192,2019-04-26,00:00:00,315.31,790000.0,492000.00000000047
6320015192,2019-04-27,00:00:00,315.33,800000.0,495999.9999999968
6320015192,2019-04-28,00:00:00,315.37,830000.0,504000.00000000093
6320015192,2019-04-29,00:00:00,315.39,840000.0,507999.99999999726
6320015192,2019-04-30,00:00:00,315.4,840000.0,509999.99999999546
6320015192,2019-05-01,00:00:00,315.41,850000.0,512000.000000005
6320015192,2019-05-02,00:00:00,315.42,850000.0,514000.0000000032
6320015192,2019-05-03,00:00:00,315.42,850000.0,514000.0000000032
6320015192,2019-05-04,00:00:00,315.42,850000.0,514000.0000000032
6320015192,2019-05-05,00:00:00,315.42,850000.0,514000.0000000032
6320015192,2019-05-06,00:00:00,315.41,850000.0,512000.000000005
6320015192,2019-05-07,00:00:00,315.41,850000.0,512000.000000005
6320015192,2019-05-08,00:00:00,315.41,850000.0,512000.000000005
6320015192,2019-05-09,00:00:00,315.41,850000.0,512000.000000005
6320015192,2019-05-10,00:00:00,315.4,840000.0,509999.99999999546
6320015192,2019-05-11,00:00:00,315.4,840000.0,509999.99999999546
6320015192,2019-05-12,00:00:00,315.4,840000.0,509999.99999999546
6320015192,2019-05-13,00:00:00,315.41,850000.0,512000.000000005
6320015192,2019-05-14,00:00:00,315.41,850000.0,512000.000000005
6320015192,2019-05-15,00:00:00,315.41,850000.0,512000.000000005
6320015192,2019-05-16,00:00:00,315.41,850000.0,512000.000000005
6320015192,2019-05-17,00:00:00,315.4,840000.0,509999.99999999546
6320015192,2019-05-18,00:00:00,315.4,840000.0,509999.99999999546
6320015192,2019-05-19,00:00:00,315.4,840000.0,509999.99999999546
6320015192,2019-05-20,00:00:00,315.4,840000.0,509999.99999999546
6320015192,2019-05-21,00:00:00,315.39,840000.0,507999.99999999726
6320015192,2019-05-22,00:00:00,315.41,850000.0,512000.000000005
6320015192,2019-05-23,00:00:00,315.41,850000.0,512000.000000005
6320015192,2019-05-24,00:00:00,315.41,850000.0,512000.000000005
6320015192,2019-05-25,00:00:00,315.41,850000.0,512000.000000005
6320015192,2019-05-26,00:00:00,315.41,850000.0,512000.000000005
6320015192,2019-05-27,00:00:00,315.4,840000.0,509999.99999999546
6320015192,2019-05-28,00:00:00,315.4,840000.0,509999.99999999546
6320015192,2019-05-29,00:00:00,315.4,840000.0,509999.99999999546
6320015192,2019-05-30,00:00:00,315.39,840000.0,507999.99999999726
6320015192,2019-05-31,00:00:00,315.39,840000.0,507999.99999999726
6320015192,2019-06-01,00:00:00,315.39,840000.0,507999.99999999726
6320015192,2019-06-02,00:00:00,315.38,830000.0,505999.99999999907
6320015192,2019-06-03,00:00:00,315.38,830000.0,505999.99999999907
6320015192,2019-06-04,00:00:00,315.38,830000.0,505999.99999999907
6320015192,2019-06-05,00:00:00,315.37,830000.0,504000.00000000093
6320015192,2019-06-06,00:00:00,315.37,830000.0,504000.00000000093
6320015192,2019-06-07,00:00:00,315.37,830000.0,504000.00000000093
6320015192,2019-06-08,00:00:00,315.36,820000.0,502000.00000000274
6320015192,2019-06-09,00:00:00,315.36,820000.0,502000.00000000274
6320015192,2019-06-10,00:00:00,315.36,820000.0,502000.00000000274
6320015192,2019-06-11,00:00:00,315.35,820000.0,500000.00000000454
6320015192,2019-06-12,00:00:00,315.35,820000.0,500000.00000000454
6320015192,2019-06-13,00:00:00,315.35,820000.0,500000.00000000454
6320015192,2019-06-14,00:00:00,315.34,810000.0,497999.999999995
6320015192,2019-06-15,00:00:00,315.34,810000.0,497999.999999995
6320015192,2019-06-16,00:00:00,315.34,810000.0,497999.999999995
6320015192,2019-06-17,00:00:00,315.33,800000.0,495999.9999999968
6320015192,2019-06-18,00:00:00,315.33,800000.0,495999.9999999968
6320015192,2019-06-19,00:00:00,315.32,800000.0,493999.9999999986
6320015192,2019-06-20,00:00:00,315.32,800000.0,493999.9999999986
6320015192,2019-06-21,00:00:00,315.32,800000.0,493999.9999999986
6320015192,2019-06-22,00:00:00,315.31,790000.0,492000.00000000047
6320015192,2019-06-23,00:00:00,315.31,790000.0,492000.00000000047
6320015192,2019-06-24,00:00:00,315.31,790000.0,492000.00000000047
6320015192,2019-06-25,00:00:00,315.3,790000.0,490000.00000000227
6320015192,2019-06-26,00:00:00,315.3,790000.0,490000.00000000227
6320015192,2019-06-27,00:00:00,315.3,790000.0,490000.00000000227
6320015192,2019-06-28,00:00:00,315.29,780000.0,488000.0000000041
6320015192,2019-06-29,00:00:00,315.29,780000.0,488000.0000000041
6320015192,2019-06-30,00:00:00,315.29,780000.0,488000.0000000041
6320015192,2019-07-01,00:00:00,315.28,780000.0,485999.9999999945
6320015192,2019-07-02,00:00:00,315.28,780000.0,485999.9999999945
6320015192,2019-07-03,00:00:00,315.28,780000.0,485999.9999999945
6320015192,2019-07-04,00:00:00,315.27,770000.0,483999.9999999964
6320015192,2019-07-05,00:00:00,315.27,770000.0,483999.9999999964
6320015192,2019-07-06,00:00:00,315.27,770000.0,483999.9999999964
6320015192,2019-07-07,00:00:00,315.26,770000.0,481999.9999999982
6320015192,2019-07-08,00:00:00,315.26,770000.0,481999.9999999982
6320015192,2019-07-09,00:00:00,315.26,770000.0,481999.9999999982
6320015192,2019-07-10,00:00:00,315.25,760000.0,480000.0
6320015192,2019-07-11,00:00:00,315.25,760000.0,480000.0
6320015192,2019-07-12,00:00:00,315.25,760000.0,480000.0
6320015192,2019-07-13,00:00:00,315.24,760000.0,478000.0000000018
6320015192,2019-07-14,00:00:00,315.24,760000.0,478000.0000000018
6320015192,2019-07-15,00:00:00,315.24,760000.0,478000.0000000018
6320015192,2019-07-16,00:00:00,315.23,750000.0,476000.0000000036
6320015192,2019-07-17,00:00:00,315.23,750000.0,476000.0000000036
6320015192,2019-07-18,00:00:00,315.23,750000.0,476000.0000000036
6320015192,2019-07-19,00:00:00,315.22,750000.0,474000.0000000055
6320015192,2019-07-20,00:00:00,315.22,750000.0,474000.0000000055
6320015192,2019-07-21,00:00:00,315.22,750000.0,474000.0000000055
6320015192,2019-07-22,00:00:00,315.21,740000.0,471999.9999999959
6320015192,2019-07-23,00:00:00,315.21,740000.0,471999.9999999959
6320015192,2019-07-24,00:00:00,315.21,740000.0,471999.9999999959
6320015192,2019-07-25,00:00:00,315.2,740000.0,469999.99999999773
6320015192,2019-07-26,00:00:00,315.2,740000.0,469999.99999999773
6320015192,2019-07-27,00:00:00,315.2,740000.0,469999.99999999773
6320015192,2019-07-28,00:00:00,315.19,730000.0,467999.99999999953
6320015192,2019-07-29,00:00:00,315.19,730000.0,467999.99999999953
6320015192,2019-07-30,00:00:00,315.19,730000.0,467999.99999999953
6320015192,2019-07-31,00:00:00,315.18,730000.0,466000.0000000014
6320015192,2019-08-01,00:00:00,315.18,730000.0,466000.0000000014
6320015192,2019-08-02,00:00:00,315.18,730000.0,466000.0000000014
6320015192,2019-08-03,00:00:00,315.16,710000.0,462000.000000005
6320015192,2019-08-04,00:00:00,315.16,710000.0,462000.000000005
6320015192,2019-08-05,00:00:00,315.16,710000.0,462000.000000005
6320015192,2019-08-06,00:00:00,315.15,710000.0,459999.99999999546
6320015192,2019-08-07,00:00:00,315.15,710000.0,459999.99999999546
6320015192,2019-08-08,00:00:00,315.15,710000.0,459999.99999999546
6320015192,2019-08-09,00:00:00,315.14,700000.0,457999.99999999726
6320015192,2019-08-10,00:00:00,315.14,700000.0,457999.99999999726
6320015192,2019-08-11,00:00:00,315.14,700000.0,457999.99999999726
6320015192,2019-08-12,00:00:00,315.13,700000.0,455999.99999999907
6320015192,2019-08-13,00:00:00,315.13,700000.0,455999.99999999907
6320015192,2019-08-14,00:00:00,315.13,700000.0,455999.99999999907
6320015192,2019-08-15,00:00:00,315.12,690000.0,454000.00000000093
6320015192,2019-08-16,00:00:00,315.12,690000.0,454000.00000000093
6320015192,2019-08-17,00:00:00,315.12,690000.0,454000.00000000093
6320015192,2019-08-18,00:00:00,315.11,690000.0,452000.00000000274
6320015192,2019-08-19,00:00:00,315.11,690000.0,452000.00000000274
6320015192,2019-08-20,00:00:00,315.11,690000.0,452000.00000000274
6320015192,2019-08-21,00:00:00,315.1,680000.0,450000.00000000454
6320015192,2019-08-22,00:00:00,315.1,680000.0,450000.00000000454
6320015192,2019-08-23,00:00:00,315.1,680000.0,450000.00000000454
6320015192,2019-08-24,00:00:00,315.09,680000.0,447999.999999995
6320015192,2019-08-25,00:00:00,315.09,680000.0,447999.999999995
6320015192,2019-08-26,00:00:00,315.09,680000.0,447999.999999995
6320015192,2019-08-27,00:00:00,315.08,670000.0,445999.9999999968
6320015192,2019-08-28,00:00:00,315.08,670000.0,445999.9999999968
6320015192,2019-08-29,00:00:00,315.08,670000.0,445999.9999999968
6320015192,2019-08-30,00:00:00,315.07,670000.0,443999.99999999866
6320015192,2019-08-31,00:00:00,315.07,670000.0,443999.99999999866
6320015192,2019-09-01,00:00:00,315.07,670000.0,443999.99999999866
6320015192,2019-09-02,00:00:00,315.07,670000.0,443999.99999999866
6320015192,2019-09-03,00:00:00,315.06,660000.0,442000.00000000047
6320015192,2019-09-04,00:00:00,315.06,660000.0,442000.00000000047
6320015192,2019-09-05,00:00:00,315.05,660000.0,440000.00000000227
6320015192,2019-09-06,00:00:00,315.05,660000.0,440000.00000000227
6320015192,2019-09-07,00:00:00,315.05,660000.0,440000.00000000227
6320015192,2019-09-08,00:00:00,315.04,650000.0,438000.0000000041
6320015192,2019-09-09,00:00:00,315.04,650000.0,438000.0000000041
6320015192,2019-09-10,00:00:00,315.04,650000.0,438000.0000000041
6320015192,2019-09-11,00:00:00,315.03,650000.0,435999.9999999945
6320015192,2019-09-12,00:00:00,315.03,650000.0,435999.9999999945
6320015192,2019-09-13,00:00:00,315.03,650000.0,435999.9999999945
6320015192,2019-09-14,00:00:00,315.02,640000.0,433999.9999999964
6320015192,2019-09-15,00:00:00,315.02,640000.0,433999.9999999964
6320015192,2019-09-16,00:00:00,315.02,640000.0,433999.9999999964
6320015192,2019-09-17,00:00:00,315.01,640000.0,431999.9999999982
6320015192,2019-09-18,00:00:00,315.01,640000.0,431999.9999999982
6320015192,2019-09-19,00:00:00,315.01,640000.0,431999.9999999982
6320015192,2019-09-20,00:00:00,315.0,630000.0,430000.0
6320015192,2019-09-21,00:00:00,315.0,630000.0,430000.0
6320015192,2019-09-22,00:00:00,315.0,630000.0,430000.0
6320015192,2019-09-23,00:00:00,314.99,630000.0,427800.000000002
6320015192,2019-09-24,00:00:00,314.99,630000.0,427800.000000002
6320015192,2019-09-25,00:00:00,314.99,630000.0,427800.000000002
6320015192,2019-09-26,00:00:00,314.98,620000.0,425600.000000004
6320015192,2019-09-27,00:00:00,314.98,620000.0,425600.000000004
6320015192,2019-09-28,00:00:00,314.98,620000.0,425600.000000004
6320015192,2019-09-29,00:00:00,314.97,620000.0,423400.000000006
6320015192,2019-09-30,00:00:00,314.97,620000.0,423400.000000006
6320015192,2019-10-01,00:00:00,314.97,620000.0,423400.000000006
6320015192,2019-10-02,00:00:00,314.96,620000.0,421199.9999999955
6320015192,2019-10-03,00:00:00,314.96,620000.0,421199.9999999955
6320015192,2019-10-04,00:00:00,314.96,620000.0,421199.9999999955
6320015192,2019-10-05,00:00:00,314.95,610000.0,418999.9999999975
6320015192,2019-10-06,00:00:00,314.93,610000.0,414600.0000000015
6320015192,2019-10-07,00:00:00,314.93,610000.0,414600.0000000015
6320015192,2019-10-08,00:00:00,314.94,610000.0,416799.99999999953
6320015192,2019-10-09,00:00:00,314.94,610000.0,416799.99999999953
6320015192,2019-10-10,00:00:00,314.94,610000.0,416799.99999999953
6320015192,2019-10-11,00:00:00,314.93,610000.0,414600.0000000015
6320015192,2019-10-12,00:00:00,314.93,610000.0,414600.0000000015
6320015192,2019-10-13,00:00:00,314.93,610000.0,414600.0000000015
6320015192,2019-10-14,00:00:00,314.92,600000.0,412400.0000000035
6320015192,2019-10-15,00:00:00,314.92,600000.0,412400.0000000035
6320015192,2019-10-16,00:00:00,314.92,600000.0,412400.0000000035
6320015192,2019-10-17,00:00:00,314.91,600000.0,410200.0000000055
6320015192,2019-10-18,00:00:00,314.91,600000.0,410200.0000000055
6320015192,2019-10-19,00:00:00,314.91,600000.0,410200.0000000055
6320015192,2019-10-20,00:00:00,314.9,600000.0,407999.999999995
6320015192,2019-10-21,00:00:00,314.9,600000.0,407999.999999995
6320015192,2019-10-22,00:00:00,314.9,600000.0,407999.999999995
6320015192,2019-10-23,00:00:00,314.89,590000.0,405799.999999997
6320015192,2019-10-24,00:00:00,314.89,590000.0,405799.999999997
6320015192,2019-10-25,00:00:00,314.89,590000.0,405799.999999997
6320015192,2019-10-26,00:00:00,314.88,590000.0,403599.999999999
6320015192,2019-10-27,00:00:00,314.88,590000.0,403599.999999999
6320015192,2019-10-28,00:00:00,314.88,590000.0,403599.999999999
6320015192,2019-10-29,00:00:00,314.87,590000.0,401400.000000001
6320015192,2019-10-30,00:00:00,314.87,590000.0,401400.000000001
6320015192,2019-10-31,00:00:00,314.87,590000.0,401400.000000001
6320015192,2019-11-01,00:00:00,314.86,590000.0,399200.000000003
6320015192,2019-11-02,00:00:00,314.86,590000.0,399200.000000003
6320015192,2019-11-03,00:00:00,314.86,590000.0,399200.000000003
6320015192,2019-11-04,00:00:00,314.85,580000.0,397000.000000005
6320015192,2019-11-05,00:00:00,314.85,580000.0,397000.000000005
6320015192,2019-11-06,00:00:00,314.85,580000.0,397000.000000005
6320015192,2019-11-07,00:00:00,314.84,580000.0,394799.9999999945
6320015192,2019-11-08,00:00:00,314.84,580000.0,394799.9999999945
6320015192,2019-11-09,00:00:00,314.84,580000.0,394799.9999999945
6320015192,2019-11-10,00:00:00,314.83,580000.0,392599.9999999965
6320015192,2019-11-11,00:00:00,314.83,580000.0,392599.9999999965
6320015192,2019-11-12,00:00:00,314.83,580000.0,392599.9999999965
6320015192,2019-11-13,00:00:00,314.82,570000.0,390399.9999999985
6320015192,2019-11-14,00:00:00,314.82,570000.0,390399.9999999985
6320015192,2019-11-15,00:00:00,314.82,570000.0,390399.9999999985
6320015192,2019-11-16,00:00:00,314.81,570000.0,388200.00000000047
6320015192,2019-11-17,00:00:00,314.81,570000.0,388200.00000000047
6320015192,2019-11-18,00:00:00,314.81,570000.0,388200.00000000047
6320015192,2019-11-19,00:00:00,314.8,570000.0,386000.0000000025
6320015192,2019-11-20,00:00:00,314.8,570000.0,386000.0000000025
6320015192,2019-11-21,00:00:00,314.8,570000.0,386000.0000000025
6320015192,2019-11-22,00:00:00,314.79,560000.0,383800.0000000045
6320015192,2019-11-23,00:00:00,314.79,560000.0,383800.0000000045
6320015192,2019-11-24,00:00:00,314.79,560000.0,383800.0000000045
6320015192,2019-11-25,00:00:00,314.78,560000.0,381599.999999994
6320015192,2019-11-26,00:00:00,314.78,560000.0,381599.999999994
6320015192,2019-11-27,00:00:00,314.78,560000.0,381599.999999994
6320015192,2019-11-28,00:00:00,314.77,560000.0,379399.999999996
6320015192,2019-11-29,00:00:00,314.77,560000.0,379399.999999996
6320015192,2019-11-29,00:00:00,314.77,560000.0,379399.999999996
6320015192,2019-11-30,00:00:00,314.77,560000.0,379399.999999996
6320015192,2019-11-30,00:00:00,314.77,560000.0,379399.999999996
6320015192,2019-12-01,00:00:00,314.76,550000.0,377199.999999998
6320015192,2019-12-01,00:00:00,314.76,550000.0,377199.999999998
6320015192,2019-12-02,00:00:00,314.76,550000.0,377199.999999998
6320015192,2019-12-03,00:00:00,314.76,550000.0,377199.999999998
6320015192,2019-12-04,00:00:00,314.75,550000.0,375000.0
6320015192,2019-12-05,00:00:00,314.75,550000.0,375000.0
6320015192,2019-12-06,00:00:00,314.75,550000.0,375000.0
6320015192,2019-12-07,00:00:00,314.74,550000.0,372800.000000002
6320015192,2019-12-08,00:00:00,314.74,550000.0,372800.000000002
6320015192,2019-12-09,00:00:00,314.74,550000.0,372800.000000002
6320015192,2019-12-10,00:00:00,314.73,540000.0,370600.000000004
6320015192,2019-12-11,00:00:00,314.73,540000.0,370600.000000004
6320015192,2019-12-12,00:00:00,314.73,540000.0,370600.000000004
6320015192,2019-12-13,00:00:00,314.73,540000.0,370600.000000004
6320015192,2019-12-14,00:00:00,314.73,540000.0,370600.000000004
6320015192,2019-12-15,00:00:00,314.72,540000.0,368400.000000006
6320015192,2019-12-16,00:00:00,314.72,540000.0,368400.000000006
6320015192,2019-12-17,00:00:00,314.71,540000.0,366199.9999999955
6320015192,2019-12-18,00:00:00,314.71,540000.0,366199.9999999955
6320015192,2019-12-19,00:00:00,314.7,530000.0,363999.9999999975
6320015192,2019-12-20,00:00:00,314.7,530000.0,363999.9999999975
6320015192,2019-12-21,00:00:00,314.69,530000.0,361799.9999999995
6320015192,2019-12-22,00:00:00,314.69,530000.0,361799.9999999995
6320015192,2019-12-23,00:00:00,314.68,530000.0,359600.0000000015
6320015192,2019-12-24,00:00:00,314.68,530000.0,359600.0000000015
6320015192,2019-12-25,00:00:00,314.67,520000.0,357400.0000000035
6320015192,2019-12-26,00:00:00,314.67,520000.0,357400.0000000035
6320015192,2019-12-27,00:00:00,314.66,520000.0,355200.0000000055
6320015192,2019-12-28,00:00:00,314.65,520000.0,352999.999999995
6320015192,2019-12-29,00:00:00,314.64,510000.0,350799.999999997
6320015192,2019-12-30,00:00:00,314.63,510000.0,348599.999999999
6320015192,2019-12-31,00:00:00,314.62,510000.0,346400.000000001
6320015192,2020-01-01,00:00:00,314.61,510000.0,344200.000000003
6320015192,2020-01-02,00:00:00,314.6,500000.0,342000.000000005
6320015192,2020-01-03,00:00:00,314.59,500000.0,339799.9999999945
6320015192,2020-01-04,00:00:00,314.58,500000.0,337599.9999999965
6320015192,2020-01-05,00:00:00,314.58,500000.0,337599.9999999965
6320015192,2020-01-06,00:00:00,314.58,500000.0,337599.9999999965
6320015192,2020-01-07,00:00:00,314.57,490000.0,335399.9999999985
6320015192,2020-01-08,00:00:00,314.59,500000.0,339799.9999999945
6320015192,2020-01-09,00:00:00,314.6,500000.0,342000.000000005
6320015192,2020-01-10,00:00:00,314.6,500000.0,342000.000000005
6320015192,2020-01-11,00:00:00,314.61,510000.0,344200.000000003
6320015192,2020-01-12,00:00:00,314.62,510000.0,346400.000000001
6320015192,2020-01-13,00:00:00,314.62,510000.0,346400.000000001
6320015192,2020-01-14,00:00:00,314.63,510000.0,348599.999999999
6320015192,2020-01-15,00:00:00,314.63,510000.0,348599.999999999
6320015192,2020-01-16,00:00:00,314.63,510000.0,348599.999999999
6320015192,2020-01-17,00:00:00,314.62,510000.0,346400.000000001
6320015192,2020-01-18,00:00:00,314.62,510000.0,346400.000000001
6320015192,2020-01-19,00:00:00,314.61,510000.0,344200.000000003
6320015192,2020-01-20,00:00:00,314.61,510000.0,344200.000000003
6320015192,2020-01-21,00:00:00,314.6,500000.0,342000.000000005
6320015192,2020-01-22,00:00:00,314.6,500000.0,342000.000000005
6320015192,2020-01-23,00:00:00,314.59,500000.0,339799.9999999945
6320015192,2020-01-24,00:00:00,314.59,500000.0,339799.9999999945
6320015192,2020-01-25,00:00:00,314.58,500000.0,337599.9999999965
6320015192,2020-01-26,00:00:00,314.58,500000.0,337599.9999999965
6320015192,2020-01-27,00:00:00,314.58,500000.0,337599.9999999965
6320015192,2020-01-28,00:00:00,314.6,500000.0,342000.000000005
6320015192,2020-01-29,00:00:00,314.61,510000.0,344200.000000003
6320015192,2020-01-30,00:00:00,314.64,510000.0,350799.999999997
6320015192,2020-01-31,00:00:00,314.65,520000.0,352999.999999995
6320015192,2020-02-01,00:00:00,314.66,520000.0,355200.0000000055
6320015192,2020-02-02,00:00:00,314.67,520000.0,357400.0000000035
6320015192,2020-02-03,00:00:00,314.68,530000.0,359600.0000000015
6320015192,2020-02-04,00:00:00,314.68,530000.0,359600.0000000015
6320015192,2020-02-05,00:00:00,314.69,530000.0,361799.9999999995
6320015192,2020-02-06,00:00:00,314.7,530000.0,363999.9999999975
6320015192,2020-02-07,00:00:00,314.71,540000.0,366199.9999999955
6320015192,2020-02-08,00:00:00,314.71,540000.0,366199.9999999955
6320015192,2020-02-09,00:00:00,314.71,540000.0,366199.9999999955
6320015192,2020-02-10,00:00:00,314.7,530000.0,363999.9999999975
6320015192,2020-02-11,00:00:00,314.7,530000.0,363999.9999999975
6320015192,2020-02-12,00:00:00,314.7,530000.0,363999.9999999975
6320015192,2020-02-13,00:00:00,314.7,530000.0,363999.9999999975
6320015192,2020-02-14,00:00:00,314.69,530000.0,361799.9999999995
6320015192,2020-02-15,00:00:00,314.69,530000.0,361799.9999999995
6320015192,2020-02-16,00:00:00,314.7,530000.0,363999.9999999975
6320015192,2020-02-17,00:00:00,314.71,540000.0,366199.9999999955
6320015192,2020-02-18,00:00:00,314.73,540000.0,370600.000000004
6320015192,2020-02-19,00:00:00,314.9,600000.0,407999.999999995
6320015192,2020-02-20,00:00:00,314.93,610000.0,414600.0000000015
6320015192,2020-02-21,00:00:00,314.93,610000.0,414600.0000000015
6320015192,2020-02-22,00:00:00,314.96,620000.0,421199.9999999955
6320015192,2020-02-23,00:00:00,314.97,620000.0,423400.000000006
6320015192,2020-02-24,00:00:00,314.97,620000.0,423400.000000006
6320015192,2020-02-25,00:00:00,314.97,620000.0,423400.000000006
6320015192,2020-02-26,00:00:00,314.98,620000.0,425600.000000004
6320015192,2020-02-27,00:00:00,315.0,630000.0,430000.0
6320015192,2020-02-28,00:00:00,315.01,640000.0,431999.9999999982
6320015192,2020-02-29,00:00:00,315.02,640000.0,433999.9999999964
6320015192,2020-03-01,00:00:00,315.04,650000.0,438000.0000000041
6320015192,2020-03-02,00:00:00,315.1,680000.0,450000.00000000454
6320015192,2020-03-03,00:00:00,315.12,690000.0,454000.00000000093
6320015192,2020-03-04,00:00:00,315.14,700000.0,457999.99999999726
6320015192,2020-03-05,00:00:00,315.28,780000.0,485999.9999999945
6320015192,2020-03-06,00:00:00,315.34,810000.0,497999.999999995
6320015192,2020-03-07,00:00:00,315.52,910000.0,539599.9999999913
6320015192,2020-03-08,00:00:00,316.14,1270000.0,783733.3333333315
6320015192,2020-03-09,00:00:00,316.24,1340000.0,793542.8571428572
6320015192,2020-03-10,00:00:00,316.3,1390000.0,799428.5714285715
6320015192,2020-03-11,00:00:00,316.34,1420000.0,803352.3809523773
6320015192,2020-03-12,00:00:00,316.35,1420000.0,804333.3333333343
6320015192,2020-03-13,00:00:00,316.38,1450000.0,807276.1904761887
6320015192,2020-03-14,00:00:00,317.1,2020000.0,877904.7619047603
6320015192,2020-03-15,00:00:00,317.26,2190000.0,893599.9999999948
6320015192,2020-03-16,00:00:00,317.36,2290000.0,903409.5238095204
6320015192,2020-03-17,00:00:00,317.5,2440000.0,917142.8571428519
6320015192,2020-03-18,00:00:00,317.88,2840000.0,1162514.2857142815
6320015192,2020-03-19,00:00:00,318.16,3200000.0,1293028.5714285776
6320015192,2020-03-20,00:00:00,318.46,3620000.0,1392457.1428571302
6320015192,2020-03-21,00:00:00,318.54,3740000.0,1420457.1428571446
6320015192,2020-03-22,00:00:00,318.68,3940000.0,1472057.1428571413
6320015192,2020-03-23,00:00:00,318.74,4020000.0,1494171.4285714286
6320015192,2020-03-24,00:00:00,318.84,4160000.0,1531028.5714285602
6320015192,2020-03-25,00:00:00,319.04,4460000.0,1602800.000000008
6320015192,2020-03-26,00:00:00,319.44,5160000.0,1730800.000000014
6320015192,2020-03-27,00:00:00,319.84,5870000.0,1926799.9999999923
6320015192,2020-03-28,00:00:00,319.92,6010000.0,1968400.000000011
6320015192,2020-03-29,00:00:00,319.96,6080000.0,1989199.9999999907
6320015192,2020-03-30,00:00:00,319.99,6130000.0,2004800.0000000051
6320015192,2020-03-31,00:00:00,320.32,6870000.0,2169999.9999999967
6320015192,2020-04-01,00:00:00,320.44,7140000.0,2229999.999999999
6320015192,2020-04-02,00:00:00,320.47,7210000.0,2245000.0000000135
6320015192,2020-04-03,00:00:00,320.49,7260000.0,2255000.0000000047
6320015192,2020-04-04,00:00:00,320.5,7280000.0,2260000.0
6320015192,2020-04-05,00:00:00,320.5,7280000.0,2260000.0
6320015192,2020-04-06,00:00:00,320.5,7280000.0,2260000.0
6320015192,2020-04-07,00:00:00,320.49,7260000.0,2255000.0000000047
6320015192,2020-04-08,00:00:00,320.49,7260000.0,2255000.0000000047
6320015192,2020-04-09,00:00:00,320.49,7260000.0,2255000.0000000047
6320015192,2020-04-10,00:00:00,320.48,7230000.0,2250000.0000000093
6320015192,2020-04-11,00:00:00,320.48,7230000.0,2250000.0000000093
6320015192,2020-04-12,00:00:00,320.48,7230000.0,2250000.0000000093
6320015192,2020-04-13,00:00:00,320.47,7210000.0,2245000.0000000135
6320015192,2020-04-14,00:00:00,320.48,7230000.0,2250000.0000000093
6320015192,2020-04-15,00:00:00,320.49,7260000.0,2255000.0000000047
6320015192,2020-04-16,00:00:00,320.5,7280000.0,2260000.0
6320015192,2020-04-17,00:00:00,320.5,7280000.0,2260000.0
6320015192,2020-04-18,00:00:00,320.51,7300000.0,2265399.999999995
6320015192,2020-04-19,00:00:00,320.52,7330000.0,2270799.99999999
6320015192,2020-04-20,00:00:00,320.64,7600000.0,2335599.9999999925
6320015192,2020-04-21,00:00:00,320.68,7690000.0,2357200.0000000037
6320015192,2020-04-22,00:00:00,320.7,7730000.0,2367999.999999994
6320015192,2020-04-23,00:00:00,320.72,7780000.0,2378800.000000015
6320015192,2020-04-24,00:00:00,320.72,7780000.0,2378800.000000015
6320015192,2020-04-25,00:00:00,320.74,7820000.0,2389600.000000005
6320015192,2020-04-26,00:00:00,320.77,7890000.0,2405799.99999999
6320015192,2020-04-27,00:00:00,320.79,7940000.0,2416600.000000011
6320015192,2020-04-28,00:00:00,320.8,7960000.0,2422000.000000006
6320015192,2020-04-29,00:00:00,320.81,7980000.0,2427400.0000000014
6320015192,2020-04-30,00:00:00,320.82,8000000.0,2432799.9999999963
6320015192,2020-05-01,00:00:00,320.82,8000000.0,2432799.9999999963
6320015192,2020-05-02,00:00:00,320.82,8000000.0,2432799.9999999963
6320015192,2020-05-03,00:00:00,320.81,7980000.0,2427400.0000000014
6320015192,2020-05-04,00:00:00,320.81,7980000.0,2427400.0000000014
6320015192,2020-05-05,00:00:00,320.81,7980000.0,2427400.0000000014
6320015192,2020-05-06,00:00:00,320.8,7960000.0,2422000.000000006
6320015192,2020-05-07,00:00:00,320.8,7960000.0,2422000.000000006
6320015192,2020-05-08,00:00:00,320.8,7960000.0,2422000.000000006
6320015192,2020-05-09,00:00:00,320.79,7940000.0,2416600.000000011
6320015192,2020-05-10,00:00:00,320.79,7940000.0,2416600.000000011
6320015192,2020-05-11,00:00:00,320.79,7940000.0,2416600.000000011
6320015192,2020-05-12,00:00:00,320.78,7910000.0,2411199.999999985
6320015192,2020-05-13,00:00:00,320.78,7910000.0,2411199.999999985
6320015192,2020-05-14,00:00:00,320.78,7910000.0,2411199.999999985
6320015192,2020-05-15,00:00:00,320.77,7890000.0,2405799.99999999
6320015192,2020-05-16,00:00:00,320.77,7890000.0,2405799.99999999
6320015192,2020-05-17,00:00:00,320.77,7890000.0,2405799.99999999
6320015192,2020-05-18,00:00:00,320.76,7870000.0,2400399.999999995
6320015192,2020-05-19,00:00:00,320.76,7870000.0,2400399.999999995
6320015192,2020-05-20,00:00:00,320.76,7870000.0,2400399.999999995
6320015192,2020-05-21,00:00:00,320.75,7850000.0,2395000.0
6320015192,2020-05-22,00:00:00,320.75,7850000.0,2395000.0
6320015192,2020-05-23,00:00:00,320.78,7910000.0,2411199.999999985
6320015192,2020-05-24,00:00:00,320.78,7910000.0,2411199.999999985
6320015192,2020-05-25,00:00:00,320.78,7910000.0,2411199.999999985
6320015192,2020-05-26,00:00:00,320.77,7890000.0,2405799.99999999
6320015192,2020-05-27,00:00:00,320.77,7890000.0,2405799.99999999
6320015192,2020-05-28,00:00:00,320.77,7890000.0,2405799.99999999
6320015192,2020-05-29,00:00:00,320.77,7890000.0,2405799.99999999
6320015192,2020-05-30,00:00:00,320.76,7870000.0,2400399.999999995
6320015192,2020-05-31,00:00:00,320.76,7870000.0,2400399.999999995
6320015192,2020-06-01,00:00:00,320.76,7870000.0,2400399.999999995
6320015192,2020-06-02,00:00:00,320.75,7850000.0,2395000.0
6320015192,2020-06-03,00:00:00,320.75,7850000.0,2395000.0
6320015192,2020-06-04,00:00:00,320.75,7850000.0,2395000.0
6320015192,2020-06-05,00:00:00,320.75,7850000.0,2395000.0
6320015192,2020-06-06,00:00:00,320.74,7820000.0,2389600.000000005
6320015192,2020-06-07,00:00:00,320.74,7820000.0,2389600.000000005
6320015192,2020-06-08,00:00:00,320.74,7820000.0,2389600.000000005
6320015192,2020-06-09,00:00:00,320.73,7800000.0,2384200.00000001
6320015192,2020-06-10,00:00:00,320.73,7800000.0,2384200.00000001
6320015192,2020-06-11,00:00:00,320.73,7800000.0,2384200.00000001
6320015192,2020-06-12,00:00:00,320.72,7780000.0,2378800.000000015
6320015192,2020-06-13,00:00:00,320.72,7780000.0,2378800.000000015
6320015192,2020-06-14,00:00:00,320.72,7780000.0,2378800.000000015
6320015192,2020-06-15,00:00:00,320.71,7750000.0,2373399.999999989
6320015192,2020-06-16,00:00:00,320.71,7750000.0,2373399.999999989
6320015192,2020-06-17,00:00:00,320.71,7750000.0,2373399.999999989
6320015192,2020-06-18,00:00:00,320.7,7730000.0,2367999.999999994
6320015192,2020-06-19,00:00:00,320.7,7730000.0,2367999.999999994
6320015192,2020-06-20,00:00:00,320.7,7730000.0,2367999.999999994
6320015192,2020-06-21,00:00:00,320.69,7710000.0,2362599.9999999986
6320015192,2020-06-22,00:00:00,320.69,7710000.0,2362599.9999999986
6320015192,2020-06-23,00:00:00,320.68,7690000.0,2357200.0000000037
6320015192,2020-06-24,00:00:00,320.68,7690000.0,2357200.0000000037
6320015192,2020-06-25,00:00:00,320.67,7660000.0,2351800.0000000084
6320015192,2020-06-26,00:00:00,320.67,7660000.0,2351800.0000000084
6320015192,2020-06-27,00:00:00,320.66,7640000.0,2346400.0000000135
6320015192,2020-06-28,00:00:00,320.66,7640000.0,2346400.0000000135
6320015192,2020-06-29,00:00:00,320.65,7620000.0,2340999.999999988
6320015192,2020-06-30,00:00:00,320.65,7620000.0,2340999.999999988
6320015192,2020-07-01,00:00:00,320.64,7600000.0,2335599.9999999925
6320015192,2020-07-02,00:00:00,320.64,7600000.0,2335599.9999999925
6320015192,2020-07-03,00:00:00,320.63,7570000.0,2330199.9999999977
6320015192,2020-07-04,00:00:00,320.63,7570000.0,2330199.9999999977
6320015192,2020-07-05,00:00:00,320.62,7550000.0,2324800.0000000023
6320015192,2020-07-06,00:00:00,320.61,7530000.0,2319400.0000000075
6320015192,2020-07-07,00:00:00,320.61,7530000.0,2319400.0000000075
6320015192,2020-07-08,00:00:00,320.6,7510000.0,2314000.000000012
6320015192,2020-07-09,00:00:00,320.6,7510000.0,2314000.000000012
6320015192,2020-07-10,00:00:00,320.59,7480000.0,2308599.9999999865
6320015192,2020-07-11,00:00:00,320.59,7480000.0,2308599.9999999865
6320015192,2020-07-12,00:00:00,320.58,7460000.0,2303199.9999999916
6320015192,2020-07-13,00:00:00,320.57,7440000.0,2297799.9999999963
6320015192,2020-07-14,00:00:00,320.57,7440000.0,2297799.9999999963
6320015192,2020-07-15,00:00:00,320.56,7420000.0,2292400.0000000014
6320015192,2020-07-16,00:00:00,320.56,7420000.0,2292400.0000000014
6320015192,2020-07-17,00:00:00,320.55,7390000.0,2287000.000000006
6320015192,2020-07-18,00:00:00,320.54,7370000.0,2281600.000000011
6320015192,2020-07-19,00:00:00,320.53,7350000.0,2276199.999999985
6320015192,2020-07-20,00:00:00,320.53,7350000.0,2276199.999999985
6320015192,2020-07-21,00:00:00,320.52,7330000.0,2270799.99999999
6320015192,2020-07-22,00:00:00,320.52,7330000.0,2270799.99999999
6320015192,2020-07-23,00:00:00,320.51,7300000.0,2265399.999999995
6320015192,2020-07-24,00:00:00,320.5,7280000.0,2260000.0
6320015192,2020-07-25,00:00:00,320.49,7260000.0,2255000.0000000047
6320015192,2020-07-26,00:00:00,320.48,7230000.0,2250000.0000000093
6320015192,2020-07-27,00:00:00,320.47,7210000.0,2245000.0000000135
6320015192,2020-07-28,00:00:00,320.46,7190000.0,2239999.9999999898
6320015192,2020-07-29,00:00:00,320.45,7170000.0,2234999.9999999944
6320015192,2020-07-30,00:00:00,320.44,7140000.0,2229999.999999999
6320015192,2020-07-31,00:00:00,320.43,7120000.0,2225000.0000000033
6320015192,2020-08-01,00:00:00,320.42,7100000.0,2220000.000000008
6320015192,2020-08-02,00:00:00,320.41,7080000.0,2215000.0000000126
6320015192,2020-08-03,00:00:00,320.4,7050000.0,2209999.999999989
6320015192,2020-08-04,00:00:00,320.39,7030000.0,2204999.999999993
6320015192,2020-08-05,00:00:00,320.38,7010000.0,2199999.9999999977
6320015192,2020-08-06,00:00:00,320.37,6990000.0,2195000.0000000023
6320015192,2020-08-07,00:00:00,320.36,6960000.0,2190000.000000007
6320015192,2020-08-08,00:00:00,320.35,6940000.0,2185000.000000011
6320015192,2020-08-09,00:00:00,320.34,6920000.0,2179999.9999999874
6320015192,2020-08-10,00:00:00,320.33,6900000.0,2174999.999999992
6320015192,2020-08-11,00:00:00,320.32,6870000.0,2169999.9999999967
6320015192,2020-08-12,00:00:00,320.31,6850000.0,2165000.000000001
6320015192,2020-08-13,00:00:00,320.3,6830000.0,2160000.0000000056
6320015192,2020-08-14,00:00:00,320.29,6810000.0,2155000.0000000102
6320015192,2020-08-15,00:00:00,320.28,6780000.0,2149999.9999999865
6320015192,2020-08-16,00:00:00,320.27,6760000.0,2144999.9999999907
6320015192,2020-08-17,00:00:00,320.26,6740000.0,2139999.9999999953
6320015192,2020-08-18,00:00:00,320.25,6720000.0,2135000.0
6320015192,2020-08-19,00:00:00,320.24,6690000.0,2130000.0000000047
6320015192,2020-08-20,00:00:00,320.23,6670000.0,2125000.0000000093
6320015192,2020-08-21,00:00:00,320.22,6650000.0,2120000.0000000135
6320015192,2020-08-22,00:00:00,320.21,6620000.0,2114999.9999999898
6320015192,2020-08-23,00:00:00,320.2,6600000.0,2109999.9999999944
6320015192,2020-08-24,00:00:00,320.19,6580000.0,2104999.999999999
6320015192,2020-08-25,00:00:00,320.18,6560000.0,2100000.0000000033
6320015192,2020-08-26,00:00:00,320.17,6530000.0,2095000.000000008
6320015192,2020-08-27,00:00:00,320.16,6510000.0,2090000.0000000126
6320015192,2020-08-28,00:00:00,320.15,6490000.0,2084999.9999999886
6320015192,2020-08-29,00:00:00,320.14,6470000.0,2079999.9999999932
6320015192,2020-08-30,00:00:00,320.13,6440000.0,2074999.9999999977
6320015192,2020-08-31,00:00:00,320.12,6420000.0,2070000.0000000023
6320015192,2020-09-01,00:00:00,320.11,6400000.0,2065000.0000000068
6320015192,2020-09-02,00:00:00,320.1,6380000.0,2060000.0000000114
6320015192,2020-09-03,00:00:00,320.09,6350000.0,2054999.9999999874
6320015192,2020-09-04,00:00:00,320.08,6330000.0,2049999.999999992
6320015192,2020-09-05,00:00:00,320.07,6310000.0,2044999.9999999965
6320015192,2020-09-06,00:00:00,320.06,6290000.0,2040000.0000000012
6320015192,2020-09-07,00:00:00,320.05,6260000.0,2035000.0000000056
6320015192,2020-09-08,00:00:00,320.04,6240000.0,2030000.0000000102
6320015192,2020-09-09,00:00:00,320.03,6220000.0,2024999.9999999863
6320015192,2020-09-10,00:00:00,320.02,6200000.0,2019999.999999991
6320015192,2020-09-11,00:00:00,320.02,6200000.0,2019999.999999991
6320015192,2020-09-12,00:00:00,320.01,6170000.0,2014999.9999999953
6320015192,2020-09-13,00:00:00,320.01,6170000.0,2014999.9999999953
6320015192,2020-09-14,00:00:00,320.0,6150000.0,2010000.0
6320015192,2020-09-15,00:00:00,320.0,6150000.0,2010000.0
6320015192,2020-09-16,00:00:00,319.99,6130000.0,2004800.0000000051
6320015192,2020-09-17,00:00:00,319.99,6130000.0,2004800.0000000051
6320015192,2020-09-18,00:00:00,319.98,6110000.0,1999600.0000000102
6320015192,2020-09-19,00:00:00,319.98,6110000.0,1999600.0000000102
6320015192,2020-09-20,00:00:00,319.97,6100000.0,1994400.0000000151
6320015192,2020-09-21,00:00:00,319.97,6100000.0,1994400.0000000151
6320015192,2020-09-22,00:00:00,319.96,6080000.0,1989199.9999999907
6320015192,2020-09-23,00:00:00,319.96,6080000.0,1989199.9999999907
6320015192,2020-09-24,00:00:00,319.95,6060000.0,1983999.9999999958
6320015192,2020-09-25,00:00:00,319.95,6060000.0,1983999.9999999958
6320015192,2020-09-26,00:00:00,319.94,6040000.0,1978800.000000001
6320015192,2020-09-27,00:00:00,319.94,6040000.0,1978800.000000001
6320015192,2020-09-28,00:00:00,319.93,6030000.0,1973600.0000000058
6320015192,2020-09-29,00:00:00,319.93,6030000.0,1973600.0000000058
6320015192,2020-09-30,00:00:00,319.92,6010000.0,1968400.000000011
6320015192,2020-10-01,00:00:00,319.92,6010000.0,1968400.000000011
6320015192,2020-10-02,00:00:00,319.91,5990000.0,1963200.000000016
6320015192,2020-10-03,00:00:00,319.91,5990000.0,1963200.000000016
6320015192,2020-10-04,00:00:00,319.9,5970000.0,1957999.9999999916
6320015192,2020-10-05,00:00:00,319.9,5970000.0,1957999.9999999916
6320015192,2020-10-06,00:00:00,319.89,5960000.0,1952799.9999999965
6320015192,2020-10-07,00:00:00,319.89,5960000.0,1952799.9999999965
6320015192,2020-10-08,00:00:00,319.88,5940000.0,1947600.0000000016
6320015192,2020-10-09,00:00:00,319.88,5940000.0,1947600.0000000016
6320015192,2020-10-10,00:00:00,319.87,5920000.0,1942400.0000000068
6320015192,2020-10-11,00:00:00,319.87,5920000.0,1942400.0000000068
6320015192,2020-10-12,00:00:00,319.86,5900000.0,1937200.0000000119
6320015192,2020-10-13,00:00:00,319.86,5900000.0,1937200.0000000119
6320015192,2020-10-14,00:00:00,319.85,5890000.0,1932000.0000000168
6320015192,2020-10-15,00:00:00,319.85,5890000.0,1932000.0000000168
6320015192,2020-10-16,00:00:00,319.84,5870000.0,1926799.9999999923
6320015192,2020-10-17,00:00:00,319.84,5870000.0,1926799.9999999923
6320015192,2020-10-18,00:00:00,319.83,5850000.0,1921599.9999999974
6320015192,2020-10-19,00:00:00,319.83,5850000.0,1921599.9999999974
6320015192,2020-10-20,00:00:00,319.82,5830000.0,1916400.0000000026
6320015192,2020-10-21,00:00:00,319.82,5830000.0,1916400.0000000026
6320015192,2020-10-22,00:00:00,319.81,5820000.0,1911200.0000000075
6320015192,2020-10-23,00:00:00,319.81,5820000.0,1911200.0000000075
6320015192,2020-10-24,00:00:00,319.8,5800000.0,1906000.0000000126
6320015192,2020-10-25,00:00:00,319.8,5800000.0,1906000.0000000126
6320015192,2020-10-26,00:00:00,319.79,5780000.0,1900800.0000000177
6320015192,2020-10-27,00:00:00,319.79,5780000.0,1900800.0000000177
6320015192,2020-10-28,00:00:00,319.78,5760000.0,1895599.9999999932
6320015192,2020-10-29,00:00:00,319.78,5760000.0,1895599.9999999932
6320015192,2020-10-30,00:00:00,319.77,5750000.0,1890399.9999999981
6320015192,2020-11-01,00:00:00,319.76,5730000.0,1885200.0000000033
6320015192,2020-11-02,00:00:00,319.76,5730000.0,1885200.0000000033
6320015192,2020-11-03,00:00:00,319.75,5710000.0,1880000.0000000084
6320015192,2020-11-04,00:00:00,319.75,5710000.0,1880000.0000000084
6320015192,2020-11-05,00:00:00,319.74,5690000.0,1874800.0000000135
6320015192,2020-11-06,00:00:00,319.74,5690000.0,1874800.0000000135
6320015192,2020-11-07,00:00:00,319.73,5670000.0,1869600.0000000186
6320015192,2020-11-08,00:00:00,319.73,5670000.0,1869600.0000000186
6320015192,2020-11-09,00:00:00,319.72,5660000.0,1864400.0000000235
6320015192,2020-11-10,00:00:00,319.71,5640000.0,1859199.999999999
6320015192,2020-11-11,00:00:00,319.71,5640000.0,1859199.999999999
6320015192,2020-11-12,00:00:00,319.71,5640000.0,1859199.999999999
6320015192,2020-11-13,00:00:00,319.7,5620000.0,1854000.0000000042
6320015192,2020-11-14,00:00:00,319.7,5620000.0,1854000.0000000042
6320015192,2020-11-15,00:00:00,319.69,5600000.0,1848800.0000000093
6320015192,2020-11-16,00:00:00,319.69,5600000.0,1848800.0000000093
6320015192,2020-11-17,00:00:00,319.68,5590000.0,1843600.0000000142
6320015192,2020-11-18,00:00:00,319.68,5590000.0,1843600.0000000142
6320015192,2020-11-19,00:00:00,319.67,5570000.0,1838400.0000000193
6320015192,2020-11-20,00:00:00,319.67,5570000.0,1838400.0000000193
6320015192,2020-11-21,00:00:00,319.69,5600000.0,1848800.0000000093
6320015192,2020-11-22,00:00:00,319.71,5640000.0,1859199.999999999
6320015192,2020-11-23,00:00:00,319.72,5660000.0,1864400.0000000235
6320015192,2020-11-24,00:00:00,319.73,5670000.0,1869600.0000000186
6320015192,2020-11-25,00:00:00,319.73,5670000.0,1869600.0000000186
6320015192,2020-11-26,00:00:00,319.72,5660000.0,1864400.0000000235
6320015192,2020-11-27,00:00:00,319.72,5660000.0,1864400.0000000235
6320015192,2020-11-28,00:00:00,319.71,5640000.0,1859199.999999999
6320015192,2020-11-29,00:00:00,319.71,5640000.0,1859199.999999999
6320015192,2020-11-30,00:00:00,319.7,5620000.0,1854000.0000000042
6320015192,2020-12-01,00:00:00,319.7,5620000.0,1854000.0000000042
6320015192,2020-12-02,00:00:00,319.69,5600000.0,1848800.0000000093
6320015192,2020-12-03,00:00:00,319.69,5600000.0,1848800.0000000093
6320015192,2020-12-04,00:00:00,319.68,5590000.0,1843600.0000000142
6320015192,2020-12-05,00:00:00,319.68,5590000.0,1843600.0000000142
6320015192,2020-12-06,00:00:00,319.67,5570000.0,1838400.0000000193
6320015192,2020-12-07,00:00:00,319.67,5570000.0,1838400.0000000193
6320015192,2020-12-08,00:00:00,319.66,5550000.0,1833200.0000000244
6320015192,2020-12-09,00:00:00,319.66,5550000.0,1833200.0000000244
6320015192,2020-12-10,00:00:00,319.65,5530000.0,1828000.0
6320015192,2020-12-11,00:00:00,319.65,5530000.0,1828000.0
6320015192,2020-12-12,00:00:00,319.64,5520000.0,1822800.000000005
6320015192,2020-12-13,00:00:00,319.64,5520000.0,1822800.000000005
6320015192,2020-12-14,00:00:00,319.63,5500000.0,1817600.00000001
6320015192,2020-12-15,00:00:00,319.63,5500000.0,1817600.00000001
6320015192,2020-12-16,00:00:00,319.62,5480000.0,1812400.0000000151
6320015192,2020-12-17,00:00:00,319.62,5480000.0,1812400.0000000151
6320015192,2020-12-18,00:00:00,319.61,5460000.0,1807200.0000000203
6320015192,2020-12-19,00:00:00,319.61,5460000.0,1807200.0000000203
6320015192,2020-12-20,00:00:00,319.6,5450000.0,1802000.0000000251
6320015192,2020-12-21,00:00:00,319.6,5450000.0,1802000.0000000251
6320015192,2020-12-22,00:00:00,319.59,5430000.0,1796800.0000000007
6320015192,2020-12-23,00:00:00,319.59,5430000.0,1796800.0000000007
6320015192,2020-12-24,00:00:00,319.58,5410000.0,1791600.0000000058
6320015192,2020-12-25,00:00:00,319.58,5410000.0,1791600.0000000058
6320015192,2020-12-26,00:00:00,319.57,5390000.0,1786400.000000011
6320015192,2020-12-27,00:00:00,319.57,5390000.0,1786400.000000011
6320015192,2020-12-28,00:00:00,319.56,5380000.0,1781200.0000000158
6320015192,2020-12-29,00:00:00,319.56,5380000.0,1781200.0000000158
6320015192,2020-12-30,00:00:00,319.55,5360000.0,1776000.000000021
6320015192,2020-12-31,00:00:00,319.55,5360000.0,1776000.000000021
6320015192,2021-01-01,00:00:00,319.54,5340000.0,1770800.000000026
6320015192,2021-01-02,00:00:00,319.54,5340000.0,1770800.000000026
6320015192,2021-01-03,00:00:00,319.53,5320000.0,1765600.0000000016
6320015192,2021-01-04,00:00:00,319.53,5320000.0,1765600.0000000016
6320015192,2021-01-05,00:00:00,319.52,5310000.0,1760400.0000000065
6320015192,2021-01-06,00:00:00,319.52,5310000.0,1760400.0000000065
6320015192,2021-01-07,00:00:00,319.51,5290000.0,1755200.0000000116
6320015192,2021-01-08,00:00:00,319.51,5290000.0,1755200.0000000116
6320015192,2021-01-09,00:00:00,319.5,5270000.0,1750000.0000000168
6320015192,2021-01-10,00:00:00,319.5,5270000.0,1750000.0000000168
6320015192,2021-01-11,00:00:00,319.49,5250000.0,1746800.0000000193
6320015192,2021-01-12,00:00:00,319.49,5250000.0,1746800.0000000193
6320015192,2021-01-13,00:00:00,319.48,5230000.0,1743600.000000022
6320015192,2021-01-14,00:00:00,319.48,5230000.0,1743600.000000022
6320015192,2021-01-15,00:00:00,319.47,5220000.0,1740400.0000000244
6320015192,2021-01-16,00:00:00,319.47,5220000.0,1740400.0000000244
6320015192,2021-01-17,00:00:00,319.46,5200000.0,1737200.0000000088
6320015192,2021-01-18,00:00:00,319.46,5200000.0,1737200.0000000088
6320015192,2021-01-19,00:00:00,319.45,5180000.0,1734000.0000000114
6320015192,2021-01-20,00:00:00,319.45,5180000.0,1734000.0000000114
6320015192,2021-01-21,00:00:00,319.44,5160000.0,1730800.000000014
6320015192,2021-01-22,00:00:00,319.44,5160000.0,1730800.000000014
6320015192,2021-01-23,00:00:00,319.43,5150000.0,1727600.0000000165
6320015192,2021-01-24,00:00:00,319.43,5150000.0,1727600.0000000165
6320015192,2021-01-25,00:00:00,319.42,5130000.0,1724400.000000019
6320015192,2021-01-26,00:00:00,319.42,5130000.0,1724400.000000019
6320015192,2021-01-27,00:00:00,319.41,5110000.0,1721200.0000000217
6320015192,2021-01-28,00:00:00,319.41,5110000.0,1721200.0000000217
6320015192,2021-01-29,00:00:00,319.4,5090000.0,1718000.000000006
6320015192,2021-01-30,00:00:00,319.4,5090000.0,1718000.000000006
6320015192,2021-01-31,00:00:00,319.39,5080000.0,1714800.0000000086
6320015192,2021-02-01,00:00:00,319.39,5080000.0,1714800.0000000086
6320015192,2021-02-02,00:00:00,319.38,5060000.0,1711600.0000000112
6320015192,2021-02-03,00:00:00,319.38,5060000.0,1711600.0000000112
6320015192,2021-02-04,00:00:00,319.37,5040000.0,1708400.000000014
6320015192,2021-02-05,00:00:00,319.37,5040000.0,1708400.000000014
6320015192,2021-02-06,00:00:00,319.36,5020000.0,1705200.0000000165
6320015192,2021-02-07,00:00:00,319.36,5020000.0,1705200.0000000165
6320015192,2021-02-08,00:00:00,319.35,5010000.0,1702000.000000019
6320015192,2021-02-09,00:00:00,319.35,5010000.0,1702000.000000019
6320015192,2021-02-10,00:00:00,319.34,4990000.0,1698800.0000000035
6320015192,2021-02-11,00:00:00,319.34,4990000.0,1698800.0000000035
6320015192,2021-02-12,00:00:00,319.33,4970000.0,1695600.000000006
6320015192,2021-02-13,00:00:00,319.33,4970000.0,1695600.000000006
6320015192,2021-02-14,00:00:00,319.32,4950000.0,1692400.0000000086
6320015192,2021-02-15,00:00:00,319.32,4950000.0,1692400.0000000086
6320015192,2021-02-16,00:00:00,319.62,5480000.0,1812400.0000000151
6320015192,2021-02-17,00:00:00,319.66,5550000.0,1833200.0000000244
6320015192,2021-02-18,00:00:00,319.68,5590000.0,1843600.0000000142
6320015192,2021-02-19,00:00:00,319.93,6030000.0,1973600.0000000058
6320015192,2021-02-20,00:00:00,320.04,6240000.0,2030000.0000000102
6320015192,2021-02-21,00:00:00,320.08,6330000.0,2049999.999999992
6320015192,2021-02-22,00:00:00,320.1,6380000.0,2060000.0000000114
6320015192,2021-02-23,00:00:00,320.24,6690000.0,2130000.0000000047
6320015192,2021-02-24,00:00:00,320.34,6920000.0,2179999.9999999874
6320015192,2021-02-25,00:00:00,320.64,7600000.0,2335599.9999999925
6320015192,2021-02-26,00:00:00,320.76,7870000.0,2400399.999999995
6320015192,2021-02-27,00:00:00,320.98,8359999.999999999,2519200.00000001
6320015192,2021-02-28,00:00:00,321.06,8580000.0,2563600.0000000014
6320015192,2021-03-01,00:00:00,321.12,8750000.0,2597200.0000000023
6320015192,2021-03-02,00:00:00,321.2,8970000.0,2641999.9999999935
6320015192,2021-03-03,00:00:00,321.5,9810000.0,2810000.0
6320015192,2021-03-04,00:00:00,321.6,10100000.0,2866000.0000000126
6320015192,2021-03-05,00:00:00,321.64,10210000.0,2888399.9999999925
6320015192,2021-03-06,00:00:00,321.64,10210000.0,2888399.9999999925
6320015192,2021-03-07,00:00:00,321.64,10210000.0,2888399.9999999925
6320015192,2021-03-08,00:00:00,321.63,10180000.0,2882799.999999997
6320015192,2021-03-09,00:00:00,321.63,10180000.0,2882799.999999997
6320015192,2021-03-10,00:00:00,321.63,10180000.0,2882799.999999997
6320015192,2021-03-11,00:00:00,321.62,10150000.0,2877200.000000003
6320015192,2021-03-12,00:00:00,321.62,10150000.0,2877200.000000003
6320015192,2021-03-13,00:00:00,321.62,10150000.0,2877200.000000003
6320015192,2021-03-14,00:00:00,321.61,10120000.0,2871600.0000000075
6320015192,2021-03-15,00:00:00,321.78,10600000.0,2966799.9999999846
6320015192,2021-03-16,00:00:00,321.84,10770000.0,3000399.999999986
6320015192,2021-03-17,00:00:00,321.87,10850000.0,3017200.000000003
6320015192,2021-03-18,00:00:00,321.87,10850000.0,3017200.000000003
6320015192,2021-03-19,00:00:00,321.88,10880000.0,3022799.999999997
6320015192,2021-03-20,00:00:00,321.88,10880000.0,3022799.999999997
6320015192,2021-03-21,00:00:00,321.87,10850000.0,3017200.000000003
6320015192,2021-03-22,00:00:00,321.87,10850000.0,3017200.000000003
6320015192,2021-03-23,00:00:00,321.86,10830000.0,3011600.0000000075
6320015192,2021-03-24,00:00:00,321.89,10910000.0,3028399.9999999925
6320015192,2021-03-25,00:00:00,321.93,11020000.0,3050800.0000000037
6320015192,2021-03-26,00:00:00,322.01,11250000.0,3095599.999999995
6320015192,2021-03-27,00:00:00,322.04,11350000.0,3112400.000000011
6320015192,2021-03-28,00:00:00,322.09,11500000.0,3140399.999999986
6320015192,2021-03-29,00:00:00,322.1,11530000.0,3146000.0000000126
6320015192,2021-03-30,00:00:00,322.11,11570000.0,3151600.0000000075
6320015192,2021-03-31,00:00:00,322.12,11600000.0,3157200.000000003
6320015192,2021-04-01,00:00:00,322.12,11600000.0,3157200.000000003
6320015192,2021-04-02,00:00:00,322.12,11600000.0,3157200.000000003
6320015192,2021-04-03,00:00:00,322.13,11630000.0,3162799.999999997
6320015192,2021-04-04,00:00:00,322.13,11630000.0,3162799.999999997
6320015192,2021-04-05,00:00:00,322.13,11630000.0,3162799.999999997
6320015192,2021-04-06,00:00:00,322.12,11600000.0,3157200.000000003
6320015192,2021-04-07,00:00:00,322.12,11600000.0,3157200.000000003
6320015192,2021-04-08,00:00:00,322.12,11600000.0,3157200.000000003
6320015192,2021-04-09,00:00:00,322.11,11570000.0,3151600.0000000075
6320015192,2021-04-10,00:00:00,322.11,11570000.0,3151600.0000000075
6320015192,2021-04-11,00:00:00,322.11,11570000.0,3151600.0000000075
6320015192,2021-04-12,00:00:00,322.1,11530000.0,3146000.0000000126
6320015192,2021-04-13,00:00:00,322.1,11530000.0,3146000.0000000126
6320015192,2021-04-14,00:00:00,322.1,11530000.0,3146000.0000000126
6320015192,2021-04-15,00:00:00,322.09,11500000.0,3140399.999999986
6320015192,2021-04-16,00:00:00,322.09,11500000.0,3140399.999999986
6320015192,2021-04-17,00:00:00,322.09,11500000.0,3140399.999999986
6320015192,2021-04-18,00:00:00,322.08,11470000.0,3134799.999999991
6320015192,2021-04-19,00:00:00,322.08,11470000.0,3134799.999999991
6320015192,2021-04-20,00:00:00,322.08,11470000.0,3134799.999999991
6320015192,2021-04-21,00:00:00,322.07,11440000.0,3129199.9999999963
6320015192,2021-04-22,00:00:00,322.07,11440000.0,3129199.9999999963
6320015192,2021-04-23,00:00:00,322.09,11500000.0,3140399.999999986
6320015192,2021-04-24,00:00:00,322.11,11570000.0,3151600.0000000075
6320015192,2021-04-25,00:00:00,322.13,11630000.0,3162799.999999997
6320015192,2021-04-26,00:00:00,322.14,11660000.0,3168399.9999999925
6320015192,2021-04-27,00:00:00,322.14,11660000.0,3168399.9999999925
6320015192,2021-04-28,00:00:00,322.14,11660000.0,3168399.9999999925
6320015192,2021-04-29,00:00:00,322.14,11660000.0,3168399.9999999925
6320015192,2021-04-30,00:00:00,322.14,11660000.0,3168399.9999999925
6320015192,2021-05-01,00:00:00,322.13,11630000.0,3162799.999999997
6320015192,2021-05-02,00:00:00,322.13,11630000.0,3162799.999999997
6320015192,2021-05-03,00:00:00,322.13,11630000.0,3162799.999999997
6320015192,2021-05-04,00:00:00,322.13,11630000.0,3162799.999999997
6320015192,2021-05-05,00:00:00,322.13,11630000.0,3162799.999999997
6320015192,2021-05-06,00:00:00,322.12,11600000.0,3157200.000000003
6320015192,2021-05-07,00:00:00,322.12,11600000.0,3157200.000000003
6320015192,2021-05-08,00:00:00,322.12,11600000.0,3157200.000000003
6320015192,2021-05-09,00:00:00,322.12,11600000.0,3157200.000000003
6320015192,2021-05-10,00:00:00,322.11,11570000.0,3151600.0000000075
6320015192,2021-05-11,00:00:00,322.11,11570000.0,3151600.0000000075
6320015192,2021-05-12,00:00:00,322.11,11570000.0,3151600.0000000075
6320015192,2021-05-13,00:00:00,322.11,11570000.0,3151600.0000000075
6320015192,2021-05-14,00:00:00,322.11,11570000.0,3151600.0000000075
6320015192,2021-05-15,00:00:00,322.1,11530000.0,3146000.0000000126
6320015192,2021-05-16,00:00:00,322.1,11530000.0,3146000.0000000126
6320015192,2021-05-17,00:00:00,322.1,11530000.0,3146000.0000000126
6320015192,2021-05-18,00:00:00,322.1,11530000.0,3146000.0000000126
6320015192,2021-05-19,00:00:00,322.09,11500000.0,3140399.999999986
6320015192,2021-05-20,00:00:00,322.09,11500000.0,3140399.999999986
6320015192,2021-05-21,00:00:00,322.09,11500000.0,3140399.999999986
6320015192,2021-05-22,00:00:00,322.09,11500000.0,3140399.999999986
6320015192,2021-05-23,00:00:00,322.08,11470000.0,3134799.999999991
6320015192,2021-05-24,00:00:00,322.08,11470000.0,3134799.999999991
6320015192,2021-05-25,00:00:00,322.08,11470000.0,3134799.999999991
6320015192,2021-05-26,00:00:00,322.07,11440000.0,3129199.9999999963
6320015192,2021-05-27,00:00:00,322.07,11440000.0,3129199.9999999963
6320015192,2021-05-28,00:00:00,322.07,11440000.0,3129199.9999999963
6320015192,2021-05-29,00:00:00,322.06,11410000.0,3123600.0000000014
6320015192,2021-05-30,00:00:00,322.06,11410000.0,3123600.0000000014
6320015192,2021-05-31,00:00:00,322.06,11410000.0,3123600.0000000014
6320015192,2021-06-01,00:00:00,322.05,11380000.0,3118000.0000000065
6320015192,2021-06-02,00:00:00,322.05,11380000.0,3118000.0000000065
6320015192,2021-06-03,00:00:00,322.04,11350000.0,3112400.000000011
6320015192,2021-06-04,00:00:00,322.04,11350000.0,3112400.000000011
6320015192,2021-06-05,00:00:00,322.03,11310000.0,3106799.9999999846
6320015192,2021-06-06,00:00:00,322.02,11280000.0,3101199.9999999898
6320015192,2021-06-07,00:00:00,322.01,11250000.0,3095599.999999995
6320015192,2021-06-08,00:00:00,322.01,11250000.0,3095599.999999995
6320015192,2021-06-09,00:00:00,322.0,11220000.0,3090000.0
6320015192,2021-06-10,00:00:00,322.0,11220000.0,3090000.0
6320015192,2021-06-11,00:00:00,321.99,11190000.0,3084400.000000005
6320015192,2021-06-12,00:00:00,321.98,11160000.0,3078800.0000000102
6320015192,2021-06-13,00:00:00,321.97,11140000.0,3073200.0000000154
6320015192,2021-06-14,00:00:00,321.97,11140000.0,3073200.0000000154
6320015192,2021-06-15,00:00:00,321.96,11110000.0,3067599.999999989
6320015192,2021-06-16,00:00:00,321.96,11110000.0,3067599.999999989
6320015192,2021-06-17,00:00:00,321.93,11020000.0,3050800.0000000037
6320015192,2021-06-18,00:00:00,321.93,11020000.0,3050800.0000000037
6320015192,2021-06-19,00:00:00,321.92,11000000.0,3045200.000000009
6320015192,2021-06-20,00:00:00,321.92,11000000.0,3045200.000000009
6320015192,2021-06-21,00:00:00,321.91,10970000.0,3039600.000000014
6320015192,2021-06-22,00:00:00,321.91,10970000.0,3039600.000000014
6320015192,2021-06-23,00:00:00,321.9,10940000.0,3033999.9999999874
6320015192,2021-06-24,00:00:00,321.9,10940000.0,3033999.9999999874
6320015192,2021-06-25,00:00:00,321.89,10910000.0,3028399.9999999925
6320015192,2021-06-26,00:00:00,321.88,10880000.0,3022799.999999997
6320015192,2021-06-27,00:00:00,321.88,10880000.0,3022799.999999997
6320015192,2021-06-28,00:00:00,321.87,10850000.0,3017200.000000003
6320015192,2021-06-29,00:00:00,321.86,10830000.0,3011600.0000000075
6320015192,2021-06-30,00:00:00,321.86,10830000.0,3011600.0000000075
6320015192,2021-07-01,00:00:00,321.85,10800000.0,3006000.0000000126
6320015192,2021-07-02,00:00:00,321.85,10800000.0,3006000.0000000126
6320015192,2021-07-03,00:00:00,321.84,10770000.0,3000399.999999986
6320015192,2021-07-04,00:00:00,321.84,10770000.0,3000399.999999986
6320015192,2021-07-05,00:00:00,321.84,10770000.0,3000399.999999986
6320015192,2021-07-06,00:00:00,321.83,10740000.0,2994799.999999991
6320015192,2021-07-07,00:00:00,321.83,10740000.0,2994799.999999991
6320015192,2021-07-11,00:00:00,321.81,10690000.0,2983600.0000000014
6320015192,2021-07-12,00:00:00,321.8,10660000.0,2978000.0000000065
6320015192,2021-07-13,00:00:00,321.8,10660000.0,2978000.0000000065
6320015192,2021-07-14,00:00:00,321.79,10630000.0,2972400.0000000116
6320015192,2021-07-15,00:00:00,321.79,10630000.0,2972400.0000000116
6320015192,2021-07-16,00:00:00,321.78,10600000.0,2966799.9999999846
6320015192,2021-07-17,00:00:00,321.78,10600000.0,2966799.9999999846
6320015192,2021-07-18,00:00:00,321.77,10570000.0,2961199.9999999898
6320015192,2021-07-19,00:00:00,321.76,10550000.0,2955599.999999995
6320015192,2021-07-20,00:00:00,321.76,10550000.0,2955599.999999995
6320015192,2021-07-21,00:00:00,321.75,10520000.0,2950000.0
6320015192,2021-07-22,00:00:00,321.75,10520000.0,2950000.0
6320015192,2021-07-23,00:00:00,321.74,10490000.0,2944400.000000005
6320015192,2021-07-24,00:00:00,321.74,10490000.0,2944400.000000005
6320015192,2021-07-25,00:00:00,321.73,10460000.0,2938800.0000000102
6320015192,2021-07-26,00:00:00,321.72,10430000.0,2933200.0000000154
6320015192,2021-07-27,00:00:00,321.71,10410000.0,2927599.9999999884
6320015192,2021-07-28,00:00:00,321.71,10410000.0,2927599.9999999884
6320015192,2021-07-30,00:00:00,321.69,10350000.0,2916399.9999999986
6320015192,2021-07-31,00:00:00,321.68,10320000.0,2910800.0000000037
6320015192,2021-08-01,00:00:00,321.68,10320000.0,2910800.0000000037
6320015192,2021-08-02,00:00:00,321.67,10290000.0,2905200.000000009
6320015192,2021-08-04,00:00:00,321.66,10260000.0,2899600.000000014
6320015192,2021-08-06,00:00:00,321.64,10210000.0,2888399.9999999925
6320015192,2021-08-09,00:00:00,321.61,10120000.0,2871600.0000000075
6320015192,2021-08-10,00:00:00,321.6,10100000.0,2866000.0000000126
6320015192,2021-08-11,00:00:00,321.59,10070000.0,2860399.999999986
6320015192,2021-08-12,00:00:00,321.59,10070000.0,2860399.999999986
6320015192,2021-08-13,00:00:00,321.58,10040000.0,2854799.999999991
6320015192,2021-08-14,00:00:00,321.57,10010000.0,2849199.9999999963
6320015192,2021-08-15,00:00:00,321.56,9980000.0,2843600.0000000014
6320015192,2021-08-16,00:00:00,321.56,9980000.0,2843600.0000000014
6320015192,2021-08-17,00:00:00,321.55,9960000.0,2838000.0000000065
6320015192,2021-08-18,00:00:00,321.54,9930000.0,2832400.0000000116
6320015192,2021-08-19,00:00:00,321.54,9930000.0,2832400.0000000116
6320015192,2021-08-20,00:00:00,321.53,9900000.0,2826799.9999999846
6320015192,2021-08-21,00:00:00,321.52,9870000.0,2821199.9999999898
6320015192,2021-08-22,00:00:00,321.51,9840000.0,2815599.999999995
6320015192,2021-08-23,00:00:00,321.5,9810000.0,2810000.0
6320015192,2021-08-24,00:00:00,321.49,9790000.0,2804400.000000005
6320015192,2021-08-25,00:00:00,321.48,9760000.0,2798800.0000000102
6320015192,2021-08-26,00:00:00,321.47,9730000.0,2793200.0000000154
6320015192,2021-08-27,00:00:00,321.47,9730000.0,2793200.0000000154
6320015192,2021-08-28,00:00:00,321.46,9700000.0,2787599.9999999884
6320015192,2021-08-29,00:00:00,321.45,9670000.0,2781999.9999999935
6320015192,2021-08-30,00:00:00,321.44,9650000.0,2776399.9999999986
6320015192,2021-08-31,00:00:00,321.44,9650000.0,2776399.9999999986
6320015192,2021-09-01,00:00:00,321.43,9620000.0,2770800.0000000037
6320015192,2021-09-02,00:00:00,321.42,9590000.0,2765200.000000009
6320015192,2021-09-03,00:00:00,321.41,9560000.0,2759600.000000014
6320015192,2021-09-04,00:00:00,321.4,9530000.0,2753999.9999999874
6320015192,2021-09-05,00:00:00,321.39,9510000.0,2748399.9999999925
6320015192,2021-09-06,00:00:00,321.38,9480000.0,2742799.999999997
6320015192,2021-09-07,00:00:00,321.37,9450000.0,2737200.000000003
6320015192,2021-09-08,00:00:00,321.36,9420000.0,2731600.0000000075
6320015192,2021-09-09,00:00:00,321.36,9420000.0,2731600.0000000075
6320015192,2021-09-10,00:00:00,321.35,9390000.0,2726000.0000000126
6320015192,2021-09-11,00:00:00,321.34,9370000.0,2720399.999999986
6320015192,2021-09-12,00:00:00,321.33,9340000.0,2714799.999999991
6320015192,2021-09-13,00:00:00,321.32,9310000.0,2709199.9999999963
6320015192,2021-09-14,00:00:00,321.31,9280000.0,2703600.0000000014
6320015192,2021-09-15,00:00:00,321.3,9250000.0,2698000.0000000065
6320015192,2021-09-16,00:00:00,321.29,9220000.0,2692400.0000000116
6320015192,2021-09-17,00:00:00,321.28,9200000.0,2686799.9999999846
6320015192,2021-09-18,00:00:00,321.27,9170000.0,2681199.9999999898
6320015192,2021-09-19,00:00:00,321.26,9140000.0,2675599.999999995
6320015192,2021-09-20,00:00:00,321.25,9110000.0,2670000.0
6320015192,2021-09-21,00:00:00,321.24,9080000.0,2664400.000000005
6320015192,2021-09-22,00:00:00,321.23,9060000.0,2658800.0000000102
6320015192,2021-09-23,00:00:00,321.23,9060000.0,2658800.0000000102
6320015192,2021-09-24,00:00:00,321.22,9030000.0,2653200.0000000154
6320015192,2021-09-25,00:00:00,321.21,9000000.0,2647599.9999999884
6320015192,2021-09-26,00:00:00,321.2,8970000.0,2641999.9999999935
6320015192,2021-09-27,00:00:00,321.19,8940000.0,2636399.9999999986
6320015192,2021-09-28,00:00:00,321.18,8920000.0,2630800.0000000037
6320015192,2021-09-29,00:00:00,321.18,8920000.0,2630800.0000000037
6320015192,2021-09-30,00:00:00,321.17,8890000.0,2625200.000000009
6320015192,2021-10-01,00:00:00,321.16,8860000.0,2619600.000000014
6320015192,2021-10-02,00:00:00,321.15,8830000.0,2613999.9999999874
6320015192,2021-10-03,00:00:00,321.14,8800000.0,2608399.9999999925
6320015192,2021-10-04,00:00:00,321.13,8780000.0,2602799.9999999977
6320015192,2021-10-05,00:00:00,321.12,8750000.0,2597200.0000000023
6320015192,2021-10-06,00:00:00,321.11,8720000.0,2591600.0000000075
6320015192,2021-10-07,00:00:00,321.1,8690000.0,2586000.0000000126
6320015192,2021-10-08,00:00:00,321.09,8660000.0,2580399.999999986
6320015192,2021-10-09,00:00:00,321.08,8630000.0,2574799.999999991
6320015192,2021-10-10,00:00:00,321.07,8610000.0,2569199.9999999963
6320015192,2021-10-11,00:00:00,321.06,8580000.0,2563600.0000000014
6320015192,2021-10-12,00:00:00,321.05,8550000.0,2558000.0000000065
6320015192,2021-10-13,00:00:00,321.04,8520000.0,2552400.0000000116
6320015192,2021-10-14,00:00:00,321.03,8490000.0,2546799.9999999846
6320015192,2021-10-15,00:00:00,321.02,8470000.0,2541199.9999999898
6320015192,2021-10-16,00:00:00,321.01,8440000.0,2535599.999999995
6320015192,2021-10-17,00:00:00,321.0,8410000.0,2530000.0
6320015192,2021-10-18,00:00:00,320.99,8390000.0,2524600.0000000047
6320015192,2021-10-19,00:00:00,320.98,8359999.999999999,2519200.00000001
6320015192,2021-10-20,00:00:00,320.97,8340000.0,2513800.000000015
6320015192,2021-10-21,00:00:00,320.96,8320000.0,2508399.999999989
6320015192,2021-10-22,00:00:00,320.95,8300000.000000001,2502999.999999994
6320015192,2021-10-23,00:00:00,320.94,8270000.0,2497599.9999999986
6320015192,2021-10-24,00:00:00,320.93,8250000.0,2492200.0000000037
6320015192,2021-10-25,00:00:00,320.92,8230000.0,2486800.0000000084
6320015192,2021-10-26,00:00:00,320.92,8230000.0,2486800.0000000084
6320015192,2021-10-27,00:00:00,320.91,8210000.000000001,2481400.0000000135
6320015192,2021-10-28,00:00:00,320.9,8180000.0,2475999.999999988
6320015192,2021-10-29,00:00:00,320.89,8160000.0,2470599.9999999925
6320015192,2021-10-31,00:00:00,320.88,8140000.000000001,2465199.9999999977
6320015192,2021-11-01,00:00:00,320.88,8140000.000000001,2465199.9999999977
6320015192,2021-11-02,00:00:00,320.88,8140000.000000001,2465199.9999999977
6320015192,2021-11-03,00:00:00,320.87,8119999.999999999,2459800.0000000023
6320015192,2021-11-04,00:00:00,320.86,8090000.0,2454400.0000000075
6320015192,2021-11-05,00:00:00,320.85,8070000.0,2449000.000000012
6320015192,2021-11-06,00:00:00,320.85,8070000.0,2449000.000000012
6320015192,2021-11-07,00:00:00,320.84,8050000.000000001,2443599.9999999865
6320015192,2021-11-08,00:00:00,320.85,8070000.0,2449000.000000012
6320015192,2021-11-09,00:00:00,320.85,8070000.0,2449000.000000012
6320015192,2021-11-10,00:00:00,320.84,8050000.000000001,2443599.9999999865
6320015192,2021-11-11,00:00:00,320.84,8050000.000000001,2443599.9999999865
6320015192,2021-11-12,00:00:00,320.83,8029999.999999999,2438199.9999999916
6320015192,2021-11-13,00:00:00,320.83,8029999.999999999,2438199.9999999916
6320015192,2021-11-14,00:00:00,320.82,8000000.0,2432799.9999999963
6320015192,2021-11-15,00:00:00,320.82,8000000.0,2432799.9999999963
6320015192,2021-11-16,00:00:00,320.81,7980000.0,2427400.0000000014
6320015192,2021-11-17,00:00:00,320.81,7980000.0,2427400.0000000014
6320015192,2021-11-18,00:00:00,320.8,7960000.0,2422000.000000006
6320015192,2021-11-19,00:00:00,320.79,7940000.0,2416600.000000011
6320015192,2021-11-21,00:00:00,320.77,7890000.0,2405799.99999999
6320015192,2021-11-22,00:00:00,320.76,7870000.0,2400399.999999995
6320015192,2021-11-23,00:00:00,320.75,7850000.0,2395000.0
6320015192,2021-11-24,00:00:00,320.74,7820000.0,2389600.000000005
6320015192,2021-11-25,00:00:00,320.73,7800000.0,2384200.00000001
6320015192,2021-11-26,00:00:00,320.72,7780000.0,2378800.000000015
6320015192,2021-11-27,00:00:00,320.71,7750000.0,2373399.999999989
6320015192,2021-11-28,00:00:00,320.7,7730000.0,2367999.999999994
6320015192,2021-11-29,00:00:00,320.7,7730000.0,2367999.999999994
6320015192,2021-11-30,00:00:00,320.69,7710000.0,2362599.9999999986
6320015192,2021-12-01,00:00:00,320.68,7690000.0,2357200.0000000037
6320015192,2021-12-02,00:00:00,320.67,7660000.0,2351800.0000000084
6320015192,2021-12-03,00:00:00,320.67,7660000.0,2351800.0000000084
6320015192,2021-12-04,00:00:00,320.66,7640000.0,2346400.0000000135
6320015192,2021-12-05,00:00:00,320.65,7620000.0,2340999.999999988
6320015192,2021-12-06,00:00:00,320.64,7600000.0,2335599.9999999925
6320015192,2021-12-07,00:00:00,320.64,7600000.0,2335599.9999999925
6320015192,2021-12-08,00:00:00,320.63,7570000.0,2330199.9999999977
6320015192,2021-12-09,00:00:00,320.62,7550000.0,2324800.0000000023
6320015192,2021-12-10,00:00:00,320.61,7530000.0,2319400.0000000075
6320015192,2021-12-11,00:00:00,320.61,7530000.0,2319400.0000000075
6320015192,2021-12-12,00:00:00,320.6,7510000.0,2314000.000000012
6320015192,2021-12-13,00:00:00,320.59,7480000.0,2308599.9999999865
6320015192,2021-12-14,00:00:00,320.59,7480000.0,2308599.9999999865
6320015192,2021-12-15,00:00:00,320.58,7460000.0,2303199.9999999916
6320015192,2021-12-16,00:00:00,320.58,7460000.0,2303199.9999999916
6320015192,2021-12-17,00:00:00,320.57,7440000.0,2297799.9999999963
6320015192,2021-12-18,00:00:00,320.56,7420000.0,2292400.0000000014
6320015192,2021-12-19,00:00:00,320.56,7420000.0,2292400.0000000014
6320015192,2021-12-20,00:00:00,320.55,7390000.0,2287000.000000006
6320015192,2021-12-21,00:00:00,320.54,7370000.0,2281600.000000011
6320015192,2021-12-22,00:00:00,320.53,7350000.0,2276199.999999985
6320015192,2021-12-23,00:00:00,320.52,7330000.0,2270799.99999999
6320015192,2021-12-24,00:00:00,320.52,7330000.0,2270799.99999999
6320015192,2021-12-25,00:00:00,320.51,7300000.0,2265399.999999995
6320015192,2021-12-26,00:00:00,320.5,7280000.0,2260000.0
6320015192,2021-12-27,00:00:00,320.49,7260000.0,2255000.0000000047
6320015192,2021-12-28,00:00:00,320.49,7260000.0,2255000.0000000047
6320015192,2021-12-29,00:00:00,320.48,7230000.0,2250000.0000000093
6320015192,2021-12-30,00:00:00,320.48,7230000.0,2250000.0000000093
6320015192,2021-12-31,00:00:00,320.49,7260000.0,2255000.0000000047
